{
  "order": [
    {
      "modeOfTrans": "Ground Standard",
      "orderStatus": "Cancelled",
      "id": 1,
      "orderId": "R-743",
      "orderDesc": "Hand Sanitizers",
      "orderShortName": "Hand Sanitizer",
      "orderRequester": "Sakshi",
      "contactNo": "7389493428",
      "emailId": "sakshi.19c@gmail.com",
      "orderCreationDate": "2020-08-17",
      "orderPickupDate": "2020-08-17",
      "orderDeliveryDate": "2020-08-22",
      "goodsDescs": "HealthCare",
      "weight": "1",
      "sourceLocation": "H. no.12 xyz street",
      "sourceCity": null,
      "destination": "H. no. 13 abc street",
      "destinationCity": null
    },
    {
      "modeOfTrans": "Ground Express",
      "orderStatus": "Cancelled",
      "id": 2,
      "orderId": "R-988",
      "orderDesc": "Hand Gloves",
      "orderShortName": "Gloves",
      "orderRequester": "Anshul",
      "contactNo": "7389493428",
      "emailId": "anshul@gmail.com",
      "orderCreationDate": "2020-08-17",
      "orderPickupDate": "2020-08-17",
      "orderDeliveryDate": "2020-08-20",
      "goodsDescs": "Personal Care",
      "weight": "2",
      "sourceLocation": "H. no.13 ayx street",
      "sourceCity": null,
      "destination": "h. no. 14 abc street",
      "destinationCity": null
    },
    {
      "modeOfTrans": "Air Premium",
      "orderStatus": "Cancelled",
      "id": 3,
      "orderId": "R-816",
      "orderDesc": "Hp Laptop",
      "orderShortName": "Laptop",
      "orderRequester": "Anshul",
      "contactNo": "8989039998",
      "emailId": "anshul@gmail.com",
      "orderCreationDate": "2020-08-17",
      "orderPickupDate": "2020-08-17",
      "orderDeliveryDate": "2020-08-18",
      "goodsDescs": "64 bits hp laptop",
      "weight": "3",
      "sourceLocation": "H. no.14 ayx street",
      "sourceCity": null,
      "destination": "h. no. 15 abc street",
      "destinationCity": null
    },
    {
      "modeOfTrans": "Ground Standard",
      "orderStatus": "Created",
      "id": 4,
      "orderId": "R-422",
      "orderDesc": "test",
      "orderShortName": "test",
      "orderRequester": "Sakshi",
      "contactNo": "8989889899",
      "emailId": "sakshi@gmail.com",
      "orderCreationDate": "2020-08-26",
      "orderPickupDate": "2020-08-28",
      "orderDeliveryDate": "2020-09-05",
      "goodsDescs": "test",
      "weight": "5",
      "sourceLocation": "h. no 2",
      "sourceCity": "test",
      "destination": "h no.3",
      "destinationCity": "test"
    },
    {
      "modeOfTrans": "Air Premium",
      "orderStatus": "In Progress",
      "id": 5,
      "orderId": "R-399",
      "orderDesc": "testtOW",
      "orderShortName": "testTOW",
      "orderRequester": "TESTTOW",
      "contactNo": "9767676767",
      "emailId": "TEST@GMAIL.COM",
      "orderCreationDate": "2020-08-27",
      "orderPickupDate": "2020-08-27",
      "orderDeliveryDate": "2020-08-27",
      "goodsDescs": "5",
      "weight": "3",
      "sourceLocation": "H NO 2",
      "sourceCity": "TESTTWO",
      "destination": "H NO.2",
      "destinationCity": "TESTONE"
    },
    {
      "modeOfTrans": "Ground Standard",
      "orderStatus": "In Progress",
      "id": 6,
      "orderId": "R-462",
      "orderDesc": "hjgjhhj",
      "orderShortName": "lkhjgg",
      "orderRequester": "lkjhf",
      "contactNo": "8909877889",
      "emailId": "@",
      "orderCreationDate": "2020-09-03",
      "orderPickupDate": "2020-08-28",
      "orderDeliveryDate": "2020-08-29",
      "goodsDescs": "l.kjhg",
      "weight": "6",
      "sourceLocation": "lkjh",
      "sourceCity": "lkjh",
      "destination": "lkjh",
      "destinationCity": "okjh"
    }
  ]
}